drive_conversion,somatic_fitness,suppressed,genetic_load
0.71,1,1,0.83315
0.7,0.96,0,0.7787
0.71,0.98,0,0.7972
0.7,0.92,0,0.7742
0.7,0.94,0,0.776233
0.7,0.9,0,0.762542
0.71,0.94,0,0.772833
0.71,0.9,0,0.792592
0.71,0.96,0,0.79955
0.71,0.86,1,0.833242
0.7,1,0,0.7703
0.7,0.98,0,0.775158
0.71,0.92,0,0.8034
0.71,0.88,0,0.772492
0.71,0.84,0,0.767008
0.7,0.88,0,0.7891
0.71,0.82,0,0.762475
0.7,0.86,0,0.751733
0.7,0.84,0,0.78
0.71,1,1,0.833133
0.72,0.74,0,0.744858
0.7,0.82,0,0.751783
0.71,0.8,0,0.741133
0.72,0.72,0,0.744175
0.7,0.8,0,0.764767
0.71,0.98,1,0.833258
0.71,0.78,0,0.759167
0.7,0.76,0,0.738275
0.71,0.9,1,0.83265
0.7,0.78,0,0.738892
0.7,0.94,0,0.8052
0.7,0.96,0,0.808025
0.72,0.92,0,0.7995
0.7,0.92,0,0.772258
0.71,0.76,0,0.778442
0.72,0.88,0,0.796658
0.72,0.7,0,0.729375
0.7,0.9,0,0.783008
0.71,0.74,0,0.726692
0.72,0.9,0,0.773567
0.71,0.94,0,0.818317
0.72,0.68,0,0.718258
0.71,0.7,0,0.723817
0.71,0.72,0,0.699608
0.71,0.96,0,0.803117
0.72,0.86,0,0.787142
0.72,0.66,0,0.682567
0.7,0.74,0,0.728533
0.72,0.8,0,0.813592
0.72,0.82,0,0.79835
0.7,0.64,0,0.641658
0.7,1,0,0.787908
0.72,0.84,0,0.788825
0.7,0.72,0,0.7565
0.71,0.86,0,0.78625
0.71,0.92,0,0.787642
0.71,0.66,0,0.689
0.7,0.98,0,0.821908
0.7,0.7,0,0.698083
0.71,0.68,0,0.710317
0.7,0.68,0,0.721325
0.71,0.88,0,0.788767
0.72,0.64,0,0.713842
0.72,0.78,0,0.758042
0.71,1,0,0.795908
0.71,0.64,0,0.688433
0.7,0.66,0,0.66985
0.71,0.84,0,0.750483
0.7,0.94,0,0.788083
0.72,0.62,0,0.651125
0.71,0.98,0,0.804417
0.71,0.94,1,0.83315
0.72,0.6,0,0.66755
0.7,0.88,0,0.802317
0.7,0.96,0,0.789833
0.72,0.76,0,0.768892
0.7,0.92,0,0.788267
0.7,0.9,0,0.784425
0.71,0.82,0,0.76035
0.7,0.86,0,0.790167
0.7,0.62,0,0.639325
0.71,0.9,0,0.806342
0.71,0.62,0,0.653567
0.7,0.84,0,0.763492
0.71,0.6,0,0.654658
0.7,0.82,0,0.7427
0.72,0.74,0,0.764317
0.72,0.92,1,0.833242
0.71,0.8,0,0.788858
0.71,0.96,0,0.784058
0.7,0.8,0,0.76625
0.72,0.72,0,0.734133
0.7,1,0,0.80165
0.72,0.96,1,0.833217
0.72,0.98,1,0.833242
0.71,0.92,0,0.796158
0.7,0.98,0,0.820983
0.71,0.78,0,0.751642
0.7,0.6,0,0.652608
0.72,1,1,0.833125
0.7,0.76,0,0.710575
0.7,0.78,0,0.745725
0.71,0.88,1,0.832933
0.71,0.86,0,0.791117
0.72,0.7,0,0.734317
0.71,0.76,0,0.765067
0.72,0.9,0,0.801567
0.72,0.94,0,0.779517
0.72,1,1,0.832808
0.71,0.84,0,0.799117
0.71,0.74,0,0.729258
0.72,0.88,0,0.82335
0.7,0.88,0,0.769583
0.72,0.98,1,0.833217
0.72,0.68,0,0.745917
0.7,0.74,0,0.724208
0.72,0.82,0,0.799067
0.71,0.72,0,0.724083
0.72,0.86,0,0.80145
0.7,0.86,0,0.767358
0.71,0.82,0,0.786275
0.71,0.7,0,0.731158
0.72,0.96,1,0.833267
0.72,0.84,0,0.778892
0.72,0.66,0,0.7313
0.7,0.84,0,0.754433
0.7,0.72,0,0.730167
0.72,0.8,0,0.760125
0.73,0.66,0,0.756925
0.7,0.64,0,0.655392
0.72,0.74,0,0.76135
0.7,0.7,0,0.710092
0.73,0.64,0,0.697783
0.72,0.98,1,0.833175
0.72,1,0,0.810292
0.7,0.82,0,0.764908
0.73,0.6,0,0.676167
0.71,0.8,0,0.75685
0.72,0.94,0,0.827583
0.7,0.68,0,0.699783
0.71,0.66,0,0.721875
0.72,0.92,0,0.818517
0.71,0.68,0,0.707825
0.72,0.64,0,0.703467
0.7,0.8,0,0.750525
0.72,0.72,0,0.729967
0.72,0.78,0,0.778308
0.73,0.74,0,0.763375
0.73,0.68,0,0.739742
0.73,0.72,0,0.784967
0.73,0.78,0,0.745492
0.7,0.66,0,0.698267
0.71,0.78,0,0.747117
0.7,0.76,0,0.727133
0.73,0.76,0,0.784133
0.71,0.64,0,0.649225
0.72,0.96,0,0.8154
0.73,0.96,1,0.833025
0.73,0.82,0,0.795433
0.7,0.78,0,0.731667
0.72,0.62,0,0.700808
0.73,0.8,0,0.790867
0.72,0.6,0,0.681017
0.73,0.92,1,0.833092
0.73,0.84,1,0.832958
0.73,0.9,1,0.833267
0.73,0.62,0,0.689233
0.73,0.7,0,0.742783
0.72,0.76,0,0.784208
0.72,0.9,0,0.7947
0.73,0.86,0,0.825708
0.73,0.88,1,0.833125
0.72,0.94,1,0.833258
0.73,0.94,1,0.833242
0.71,0.76,0,0.726033
0.72,0.7,0,0.736017
0.72,0.86,1,0.833208
0.72,0.88,0,0.812392
0.71,0.62,0,0.675033
0.7,0.62,0,0.662742
0.71,0.74,0,0.757858
0.73,0.96,1,0.833158
0.73,0.66,0,0.71025
0.73,0.92,1,0.8331
0.73,1,1,0.833258
0.73,0.84,1,0.833275
0.7,0.74,0,0.726483
0.71,0.6,0,0.6524
0.73,0.64,0,0.72425
0.71,0.72,0,0.750733
0.72,0.68,0,0.72755
0.73,0.86,1,0.833258
0.73,0.94,1,0.833233
0.73,0.88,1,0.833242
0.73,0.82,1,0.833225
0.73,0.78,0,0.80495
0.72,0.82,0,0.7591
0.73,0.9,0,0.81015
0.72,0.84,0,0.80535
0.71,0.7,0,0.728633
0.73,0.8,0,0.79135
0.73,0.74,0,0.753792
0.73,0.76,0,0.776283
0.7,0.72,0,0.733942
0.73,0.92,1,0.833133
0.73,0.96,1,0.833225
0.72,0.66,0,0.732575
0.73,0.6,0,0.696217
0.73,0.98,0,0.000525
0.74,0.6,0,0.67405
0.73,0.72,0,0.732692
0.72,0.8,0,0.812125
0.74,0.88,1,0.833017
0.7,0.64,0,0.654642
0.74,0.8,1,0.833267
0.7,0.7,0,0.68865
0.74,0.76,1,0.833092
0.7,0.6,0,0.641367
0.74,0.74,0,0.816508
0.74,0.72,0,0.765808
0.74,0.68,0,0.77005
0.74,0.82,0,0.796792
0.73,0.68,0,0.747658
0.73,0.88,1,0.833183
0.74,0.9,1,0.833258
0.74,0.66,0,0.746367
0.74,0.78,0,0.751058
0.73,0.82,1,0.832875
0.73,0.9,1,0.833183
0.73,0.84,0,0.774767
0.74,0.94,1,0.833275
0.74,0.84,1,0.833242
0.73,1,1,0.832758
0.7,0.68,0,0.69405
0.74,0.64,0,0.737025
0.74,0.92,1,0.832708
0.73,0.94,0,0.807358
0.71,0.68,0,0.711417
0.73,0.7,0,0.7558
0.74,0.96,1,0.832967
0.71,0.66,0,0.702442
0.73,0.86,0,0.813867
0.74,1,1,0.833175
0.73,0.66,0,0.727483
0.72,0.64,0,0.720792
0.74,0.86,0,0.778925
0.72,0.78,0,0.747642
0.73,0.78,0,0.764525
0.74,0.62,0,0.7143
0.73,0.8,0,0.787342
0.7,0.66,0,0.699525
0.74,0.9,1,0.833183
0.74,0.88,1,0.833267
0.74,0.92,1,0.83325
0.73,0.98,0,0.825175
0.74,0.94,1,0.83325
0.74,0.98,1,0.833258
0.75,0.72,1,0.833283
0.73,0.64,0,0.718517
0.73,0.76,0,0.760842
0.74,0.96,1,0.833217
0.73,0.62,0,0.683892
0.74,0.8,0,0.767975
0.71,0.64,0,0.690783
0.75,0.8,1,0.833233
0.75,0.82,1,0.83325
0.74,1,1,0.833133
0.75,0.96,1,0.833208
0.74,0.82,0,0.786292
0.75,0.86,1,0.83315
0.75,0.76,1,0.833258
0.72,0.62,0,0.687258
0.73,0.74,0,0.739642
0.74,0.74,0,0.795575
0.75,0.9,1,0.833275
0.74,0.76,0,0.786633
0.75,0.78,1,0.832925
0.75,0.84,1,0.8331
0.72,0.6,0,0.689708
0.74,0.78,0,0.778758
0.75,0.92,1,0.833225
0.74,0.7,0,0.80225
0.73,0.72,0,0.762092
0.75,0.94,1,0.83325
0.72,0.76,0,0.736792
0.74,0.9,1,0.83325
0.74,0.92,1,0.832883
0.74,0.88,1,0.833275
0.75,0.74,1,0.833175
0.75,0.98,1,0.833258
0.74,0.94,1,0.8331
0.73,1,1,0.833233
0.74,0.98,1,0.833092
0.75,1,1,0.833217
0.73,0.98,1,0.833
0.74,0.72,0,0.778267
0.75,0.96,1,0.83325
0.74,0.6,0,0.710108
0.74,0.96,1,0.833267
0.73,0.6,0,0.698733
0.75,0.7,0,0.762042
0.75,0.66,0,0.75695
0.74,1,1,0.8332
0.75,0.88,1,0.833283
0.74,0.68,0,0.749717
0.75,0.86,1,0.833233
0.73,0.68,0,0.7361
0.75,0.64,0,0.763792
0.75,0.76,1,0.833242
0.71,0.62,0,0.678858
0.75,0.78,1,0.833267
0.75,0.72,0,0.772825
0.75,0.92,1,0.833033
0.75,0.96,1,0.833225
0.7,0.62,0,0.646133
0.75,0.82,1,0.833283
0.74,0.84,0,0.79945
0.75,0.8,0,0.818892
0.74,0.66,0,0.729967
0.75,0.9,1,0.833108
0.74,0.86,1,0.833275
0.75,0.84,1,0.833267
0.75,0.94,1,0.83315
0.75,0.98,1,0.833058
0.74,0.8,0,0.7906
0.74,0.82,0,0.822575
0.73,0.7,0,0.742892
0.75,1,1,0.833242
0.74,0.98,1,0.833217
0.74,0.78,1,0.833283
0.74,0.64,0,0.753992
0.76,0.74,1,0.833233
0.75,0.74,1,0.833258
0.76,0.84,1,0.833208
0.76,0.66,0,0.77875
0.76,0.96,1,0.832842
0.76,1,1,0.832992
0.76,0.78,1,0.833292
0.76,0.98,1,0.833267
0.76,0.9,1,0.833258
0.76,0.94,1,0.833142
0.76,0.76,1,0.83315
0.76,0.92,1,0.83325
0.76,0.82,1,0.832725
0.71,0.6,0,0.669717
0.74,0.76,0,0.798233
0.75,0.86,1,0.833225
0.75,0.78,1,0.833158
0.76,0.88,1,0.833
0.74,0.74,0,0.762225
0.76,0.86,1,0.833192
0.75,0.92,1,0.83315
0.75,0.68,0,0.746367
0.75,0.9,1,0.833133
0.75,0.94,1,0.832925
0.76,0.72,0,0.805658
0.76,0.84,1,0.833258
0.75,1,1,0.832983
0.75,0.88,1,0.833175
0.76,0.7,0,0.79085
0.75,0.84,1,0.83325
0.75,0.98,1,0.833083
0.76,0.64,0,0.7653
0.75,0.82,1,0.833267
0.76,0.8,1,0.833225
0.76,0.96,1,0.833267
0.74,0.72,0,0.822167
0.75,0.76,0,0.8253
0.75,0.8,0,0.806483
0.76,1,1,0.833133
0.77,0.76,1,0.833242
0.75,0.72,0,0.77755
0.76,0.98,1,0.833158
0.75,0.7,0,0.76955
0.76,0.82,1,0.833075
0.76,0.78,1,0.833217
0.77,0.66,0,0.785067
0.76,0.76,1,0.83285
0.76,0.94,1,0.833267
0.77,0.72,1,0.832775
0.76,0.9,1,0.833267
0.76,0.92,1,0.833183
0.76,0.68,1,0.833142
0.76,0.62,0,0.716183
0.77,0.74,1,0.833275
0.76,0.88,1,0.8333
0.76,0.84,1,0.833217
0.76,0.86,1,0.833017
0.76,0.6,0,0.723683
0.74,0.62,0,0.714783
0.74,0.86,1,0.833233
0.74,0.6,0,0.712025
0.77,0.86,1,0.833133
0.76,0.74,1,0.833275
0.77,0.84,1,0.833258
0.76,0.66,0,0.773533
0.75,0.62,0,0.727942
0.77,0.9,1,0.833167
0.77,0.78,1,0.833225
0.77,0.82,1,0.832917
0.77,0.88,1,0.8332
0.77,0.68,1,0.833133
0.77,0.64,0,0.760717
0.75,0.66,0,0.767592
0.74,0.68,0,0.759292
0.7,0.6,0,0.637175
0.75,0.74,0,0.802633
0.76,0.96,1,0.833267
0.73,0.62,0,0.692583
0.77,0.96,1,0.832767
0.77,1,1,0.83325
0.76,1,1,0.833242
0.77,0.92,1,0.833267
0.77,0.94,1,0.833258
0.76,0.98,1,0.833292
0.77,0.76,1,0.83315
0.75,0.64,0,0.7437
0.77,0.98,1,0.833058
0.77,0.66,1,0.833267
0.77,0.7,0,0.795533
0.74,0.84,0,0.791308
0.77,0.8,1,0.8331
0.76,0.82,1,0.833192
0.78,0.7,1,0.833308
0.77,0.62,0,0.779342
0.76,0.88,1,0.833167
0.77,0.72,1,0.833158
0.76,0.7,1,0.832767
0.76,0.9,1,0.833217
0.76,0.92,1,0.833233
0.76,0.76,1,0.833267
0.74,0.66,0,0.742775
0.76,0.78,1,0.83325
0.77,0.6,0,0.7536
0.77,0.86,1,0.833258
0.76,0.72,0,0.8106
0.77,0.84,1,0.83325
0.76,0.94,1,0.833275
0.76,0.86,1,0.83325
0.75,0.6,0,0.697942
0.77,0.9,1,0.83315
0.77,0.78,1,0.833175
0.78,0.68,1,0.832842
0.74,0.7,0,0.753158
0.76,0.8,1,0.83325
0.78,0.8,1,0.833158
0.77,0.88,1,0.832975
0.77,0.82,1,0.833267
0.77,0.96,1,0.833158
0.77,0.94,1,0.833083
0.77,0.92,1,0.833167
0.77,1,1,0.833225
0.76,0.74,1,0.833233
0.78,0.78,1,0.833117
0.77,0.74,0,0.811433
0.78,0.74,1,0.83295
0.77,0.76,1,0.833192
0.78,0.64,1,0.833258
0.78,0.7,1,0.833233
0.74,0.64,0,0.711308
0.77,0.98,1,0.833283
0.77,0.64,1,0.832975
0.75,0.88,1,0.833275
0.77,0.8,1,0.833217
0.77,0.7,1,0.8333
0.76,0.66,0,0.767842
0.78,0.72,1,0.833167
0.78,0.96,1,0.83325
0.78,0.92,1,0.832933
0.77,0.72,1,0.833217
0.78,0.94,1,0.833283
0.78,0.66,0,0.775858
0.77,0.86,1,0.832792
0.75,0.7,0,0.764567
0.78,0.8,1,0.8329
0.78,0.82,1,0.833242
0.77,0.84,1,0.833267
0.78,0.86,1,0.833175
0.78,0.6,0,0.771192
0.77,0.9,1,0.83325
0.78,0.88,1,0.833075
0.78,0.9,1,0.8329
0.78,0.76,1,0.833267
0.76,0.64,0,0.764708
0.77,0.66,0,0.755625
0.77,0.78,1,0.83325
0.77,0.68,0,0.789892
0.78,0.62,0,0.787875
0.77,0.96,1,0.833158
0.78,0.98,1,0.833125
0.77,0.88,1,0.833125
0.77,0.94,1,0.833167
0.77,0.92,1,0.833133
0.77,1,1,0.83325
0.78,0.68,1,0.833225
0.77,0.82,1,0.833283
0.78,0.7,1,0.833108
0.78,0.78,1,0.833167
0.76,0.7,1,0.833267
0.79,0.66,1,0.833042
0.78,1,1,0.833258
0.77,0.98,1,0.8333
0.77,0.8,1,0.833167
0.78,0.8,1,0.833167
0.77,0.7,1,0.83315
0.77,0.74,1,0.8327
0.78,0.84,1,0.83325
0.78,0.74,1,0.833208
0.79,0.76,1,0.833175
0.78,0.96,1,0.833283
0.78,0.92,1,0.8332
0.78,0.94,1,0.833092
0.76,0.62,0,0.753075
0.79,0.72,1,0.833217
0.76,0.8,1,0.833242
0.76,0.72,0,0.792458
0.78,0.86,1,0.833267
0.78,0.82,1,0.833175
0.78,0.64,1,0.833275
0.78,0.88,1,0.83325
0.79,0.74,1,0.832658
0.79,0.86,1,0.833183
0.78,0.9,1,0.833
0.79,0.68,1,0.8332
0.75,0.68,0,0.799808
0.76,0.6,0,0.701675
0.75,0.66,0,0.763742
0.79,0.64,1,0.833275
0.79,0.88,1,0.833275
0.77,0.62,0,0.762142
0.78,0.98,1,0.833258
0.78,0.68,1,0.833233
0.79,0.8,1,0.833042
0.78,0.72,1,0.833242
0.79,0.78,1,0.833242
0.79,0.9,1,0.833225
0.79,0.82,1,0.833242
0.78,1,1,0.833242
0.79,0.76,1,0.833267
0.75,0.64,0,0.757925
0.78,0.78,1,0.833267
0.79,0.84,1,0.83325
0.79,0.66,1,0.832808
0.79,0.7,1,0.833158
0.8,0.66,1,0.832975
0.79,0.62,0,0.792442
0.78,0.92,1,0.83325
0.78,0.96,1,0.833183
0.76,0.68,0,0.773108
0.79,1,1,0.832958
0.79,0.86,1,0.833108
0.79,0.92,1,0.833275
0.79,0.6,0,0.833092
0.78,0.94,1,0.8332
0.77,0.6,0,0.727825
0.8,0.68,1,0.833067
0.79,0.96,1,0.833275
0.78,0.74,1,0.83325
0.79,0.98,1,0.833067
0.78,0.66,0,0.788775
0.79,0.72,1,0.833283
0.77,0.64,0,0.761692
0.78,0.76,1,0.833275
0.79,0.74,1,0.833217
0.74,0.62,0,0.713542
0.78,0.88,1,0.833192
0.78,0.86,1,0.833158
0.8,0.74,1,0.833217
0.8,0.72,1,0.833242
0.78,0.9,1,0.832975
0.78,0.82,1,0.833292
0.79,0.68,1,0.833258
0.79,0.88,1,0.83315
0.78,0.98,1,0.833058
0.79,0.9,1,0.833083
0.8,0.78,1,0.833208
0.79,0.8,1,0.832983
0.79,0.78,1,0.833308
0.8,0.7,1,0.833292
0.79,0.94,1,0.833225
0.79,0.76,1,0.833275
0.77,0.68,0,0.820417
0.79,0.82,1,0.832433
0.78,0.84,1,0.83325
0.78,1,1,0.833225
0.8,0.8,1,0.833175
0.79,0.86,1,0.833242
0.8,0.66,1,0.833292
0.78,0.62,0,0.763942
0.79,0.84,1,0.833217
0.8,0.84,1,0.83325
0.8,0.62,0,0.80145
0.8,0.64,0,0.809058
0.79,0.66,1,0.833225
0.8,0.68,1,0.833158
0.8,0.82,1,0.833225
0.79,0.92,1,0.833225
0.76,0.64,0,0.763658
0.79,1,1,0.833258
0.78,0.6,0,0.7413
0.79,0.98,1,0.832717
0.78,0.72,1,0.833192
0.79,0.64,1,0.8333
0.79,0.74,1,0.833225
0.79,0.72,1,0.832992
0.8,0.76,1,0.833258
0.79,0.96,1,0.833275
0.8,0.74,1,0.832883
0.78,0.64,0,0.80965
0.79,0.88,1,0.833158
0.8,0.6,0,0.7824
0.8,1,1,0.833075
0.79,0.9,1,0.833167
0.8,0.9,1,0.833142
0.81,0.64,1,0.833217
0.79,0.94,1,0.833267
0.79,0.8,1,0.833192
0.8,0.96,1,0.83325
0.8,0.86,1,0.832983
0.79,0.78,1,0.832708
0.8,0.98,1,0.833092
0.8,0.94,1,0.833242
0.8,0.7,1,0.833233
0.8,0.78,1,0.8332
0.8,0.66,1,0.833225
0.79,0.68,1,0.833283
0.79,0.82,1,0.833158
0.8,0.72,1,0.833267
0.81,0.6,1,0.833283
0.8,0.8,1,0.83325
0.8,0.84,1,0.833233
0.74,0.7,0,0.7794
0.8,0.68,1,0.833258
0.8,0.88,1,0.83305
0.8,0.92,1,0.832558
0.81,0.74,1,0.833217
0.79,0.84,1,0.833292
0.81,0.76,1,0.833033
0.79,0.7,1,0.832983
0.8,0.82,1,0.833242
0.76,0.62,0,0.756017
0.79,0.92,1,0.83325
0.78,0.76,1,0.833217
0.81,0.66,1,0.833225
0.79,1,1,0.833283
0.79,0.98,1,0.833233
0.8,0.64,1,0.833183
0.81,0.7,1,0.833042
0.81,0.72,1,0.832917
0.78,0.66,0,0.767758
0.81,0.68,1,0.8332
0.78,0.84,1,0.833242
0.81,0.62,0,0.80385
0.79,0.96,1,0.833133
0.8,0.74,1,0.833275
0.8,1,1,0.833217
0.79,0.6,0,0.764758
0.79,0.62,0,0.757183
0.77,0.62,0,0.743733
0.81,0.88,1,0.833292
0.81,0.86,1,0.833192
0.8,0.9,1,0.83315
0.8,0.62,1,0.833275
0.81,0.82,1,0.83315
0.81,0.84,1,0.833075
0.79,0.94,1,0.833258
0.8,0.84,1,0.833283
0.75,0.62,0,0.709233
0.81,0.76,1,0.832925
0.81,0.8,1,0.833025
0.8,0.86,1,0.833
0.8,0.78,1,0.833125
0.8,0.96,1,0.833092
0.81,0.74,1,0.832725
0.8,0.94,1,0.833217
0.8,0.98,1,0.833225
0.81,0.78,1,0.83305
0.8,0.8,1,0.833042
0.76,0.6,0,0.720325
0.8,0.72,1,0.833275
0.81,0.64,1,0.83325
0.8,0.88,1,0.83315
0.8,0.92,1,0.833258
0.8,0.7,1,0.833117
0.82,0.66,1,0.83325
0.76,0.68,1,0.833267
0.82,0.68,1,0.833117
0.8,0.76,1,0.833267
0.8,0.82,1,0.83295
0.81,1,1,0.832692
0.81,0.9,1,0.833258
0.81,0.98,1,0.833108
0.81,0.66,1,0.833075
0.82,0.62,1,0.833275
0.77,0.6,0,0.685275
0.82,0.6,1,0.83325
0.81,0.94,1,0.833233
0.82,0.64,1,0.833267
0.78,0.62,0,0.778783
0.81,0.7,1,0.833067
0.81,0.68,1,0.833267
0.81,0.72,1,0.831867
0.81,0.96,1,0.832925
0.81,0.6,1,0.833283
0.79,0.64,0,0.798633
0.8,0.64,1,0.833275
0.81,0.76,1,0.83315
0.8,1,1,0.833167
0.81,0.74,1,0.833283
0.81,0.88,1,0.83325
0.8,0.9,1,0.8332
0.81,0.86,1,0.833242
0.82,0.84,1,0.833183
0.81,0.82,1,0.832908
0.82,0.86,1,0.833225
0.81,0.84,1,0.833225
0.82,0.76,1,0.833283
0.82,0.78,1,0.833208
0.81,0.8,1,0.832933
0.82,0.7,1,0.83305
0.82,0.72,1,0.833258
0.82,0.66,1,0.833275
0.8,0.86,1,0.833133
0.82,0.68,1,0.833217
0.82,0.74,1,0.833225
0.8,0.96,1,0.833125
0.81,0.92,1,0.833225
0.75,0.68,0,0.773575
0.81,0.78,1,0.83325
0.8,0.92,1,0.833042
0.8,0.88,1,0.833217
0.8,0.98,1,0.833267
0.8,0.94,1,0.833283
0.81,0.62,1,0.832908
0.82,0.96,1,0.8332
0.78,0.6,0,0.748325
0.81,0.64,1,0.833192
0.8,0.6,0,0.7944
0.79,0.7,1,0.8332
0.81,1,1,0.83315
0.75,0.6,0,0.715508
0.82,0.92,1,0.832833
0.81,0.98,1,0.833217
0.81,0.9,1,0.833125
0.82,0.94,1,0.832833
0.81,0.94,1,0.833208
0.82,1,1,0.832967
0.82,0.62,1,0.833117
0.82,0.98,1,0.833175
0.83,0.6,1,0.8333
0.83,0.62,1,0.833183
0.81,0.96,1,0.833217
0.82,0.8,1,0.833258
0.82,0.82,1,0.832392
0.82,0.6,1,0.833217
0.81,0.68,1,0.832925
0.83,0.8,1,0.833192
0.83,0.78,1,0.833167
0.81,0.7,1,0.832967
0.8,0.62,1,0.833058
0.82,0.66,1,0.833292
0.81,0.66,1,0.833283
0.81,0.88,1,0.833125
0.81,0.72,1,0.833283
0.81,0.86,1,0.8332
0.83,0.72,1,0.833017
0.83,0.76,1,0.833275
0.82,0.84,1,0.833192
0.82,0.68,1,0.833242
0.82,0.86,1,0.832975
0.81,0.84,1,0.832908
0.83,0.74,1,0.833133
0.82,0.64,1,0.833192
0.81,0.82,1,0.832917
0.83,0.66,1,0.833275
0.83,0.68,1,0.832925
0.81,0.8,1,0.833017
0.83,0.7,1,0.833292
0.82,0.78,1,0.833025
0.82,0.76,1,0.8332
0.82,0.88,1,0.833033
0.82,0.7,1,0.833092
0.79,0.62,0,0.788942
0.82,0.9,1,0.833242
0.83,0.64,1,0.833258
0.82,0.72,1,0.83325
0.82,0.74,1,0.832867
0.82,0.96,1,0.833283
0.8,0.76,1,0.8331
0.81,0.78,1,0.832908
0.81,0.6,1,0.83325
0.79,0.6,0,0.787158
0.81,0.62,1,0.8332
0.81,1,1,0.833242
0.83,0.88,1,0.833275
0.81,0.98,1,0.833217
0.81,0.9,1,0.832558
0.82,0.92,1,0.833167
0.82,0.94,1,0.83325
0.83,0.8,1,0.833242
0.83,0.82,1,0.833217
0.83,0.78,1,0.833242
0.82,1,1,0.833042
0.81,0.94,1,0.832983
0.83,0.84,1,0.8332
0.83,1,1,0.833242
0.83,0.96,1,0.83305
0.83,0.98,1,0.833192
0.82,0.98,1,0.833058
0.82,0.62,1,0.833275
0.81,0.96,1,0.832983
0.81,0.92,1,0.833175
0.83,0.9,1,0.833175
0.83,0.86,1,0.833267
0.84,0.66,1,0.833283
0.83,0.62,1,0.833275
0.83,0.72,1,0.833292
0.83,0.6,1,0.833267
0.83,0.76,1,0.833258
0.84,0.74,1,0.833117
0.82,0.86,1,0.832742
0.82,0.84,1,0.833233
0.83,0.66,1,0.833258
0.84,0.72,1,0.832933
0.82,0.96,1,0.833283
0.83,0.7,1,0.83325
0.83,0.68,1,0.8332
0.84,0.62,1,0.8333
0.82,0.64,1,0.832908
0.82,0.88,1,0.8332
0.82,0.78,1,0.83255
0.84,0.6,1,0.833258
0.82,0.76,1,0.833242
0.82,0.7,1,0.832883
0.84,0.7,1,0.833242
0.84,0.68,1,0.833025
0.82,0.6,1,0.833275
0.82,0.74,1,0.833067
0.83,0.92,1,0.833275
0.8,0.6,1,0.8333
0.84,0.64,1,0.832958
0.83,0.94,1,0.833142
0.84,0.84,1,0.83325
0.83,0.8,1,0.8333
0.82,0.72,1,0.8332
0.83,0.64,1,0.833
0.83,0.78,1,0.833183
0.83,0.74,1,0.832683
0.83,0.88,1,0.83325
0.82,0.8,1,0.832758
0.84,0.88,1,0.83325
0.84,0.98,1,0.833283
0.82,0.92,1,0.833183
0.84,0.94,1,0.833042
0.84,0.96,1,0.833217
0.84,0.9,1,0.833242
0.84,0.92,1,0.833292
0.84,0.86,1,0.833242
0.82,0.82,1,0.832708
0.83,0.82,1,0.83325
0.84,0.76,1,0.833267
0.82,0.94,1,0.833058
0.82,1,1,0.833275
0.83,0.84,1,0.833108
0.82,0.98,1,0.832683
0.84,0.82,1,0.833283
0.84,0.66,1,0.833
0.83,0.98,1,0.833025
0.83,1,1,0.833217
0.83,0.96,1,0.833092
0.83,0.9,1,0.8332
0.84,0.78,1,0.833258
0.83,0.86,1,0.83325
0.82,0.9,1,0.833133
0.83,0.76,1,0.833133
0.84,0.74,1,0.833242
0.84,0.84,1,0.833267
0.83,0.62,1,0.8333
0.83,0.66,1,0.833275
0.84,1,1,0.833242
0.84,0.72,1,0.833
0.83,0.6,1,0.8333
0.83,0.72,1,0.833275
0.85,0.66,1,0.833275
0.83,0.7,1,0.833233
0.85,0.68,1,0.833225
0.83,0.68,1,0.833242
0.82,0.88,1,0.833233
0.85,0.6,1,0.833033
0.84,0.6,1,0.832817
0.85,0.62,1,0.833133
0.84,0.62,1,0.83295
0.84,0.64,1,0.833283
0.84,0.7,1,0.833242
0.84,0.8,1,0.832517
0.84,0.68,1,0.833267
0.85,0.9,1,0.833233
0.85,0.88,1,0.833267
0.84,0.66,1,0.833267
0.85,0.64,1,0.833217
0.83,0.74,1,0.833175
0.85,0.82,1,0.833142
0.83,0.64,1,0.833208
0.83,0.88,1,0.833283
0.81,0.92,1,0.83295
0.84,0.92,1,0.832992
0.84,0.94,1,0.833142
0.84,0.98,1,0.833092
0.84,0.88,1,0.833233
0.84,0.96,1,0.833033
0.84,0.9,1,0.833142
0.84,0.86,1,0.833217
0.83,0.82,1,0.832825
0.85,0.78,1,0.833275
0.85,0.84,1,0.8333
0.85,0.7,1,0.833125
0.84,0.76,1,0.832333
0.85,0.86,1,0.832983
0.84,0.82,1,0.832983
0.83,0.84,1,0.833158
0.85,0.72,1,0.833192
0.85,0.74,1,0.833108
0.85,0.8,1,0.83325
0.84,0.84,1,0.833233
0.83,0.9,1,0.833008
0.85,0.76,1,0.832867
0.83,0.98,1,0.833142
0.83,1,1,0.833233
0.83,0.96,1,0.833225
0.83,0.86,1,0.833017
0.83,0.92,1,0.833225
0.84,0.74,1,0.833033
0.83,0.94,1,0.833183
0.84,1,1,0.833208
0.84,0.72,1,0.83325
0.85,0.94,1,0.83325
0.85,0.92,1,0.832725
0.85,0.96,1,0.83325
0.84,0.78,1,0.833208
0.85,0.66,1,0.83325
0.85,0.68,1,0.833275
0.85,0.9,1,0.833258
0.85,0.88,1,0.833275
0.85,0.98,1,0.833233
0.85,0.6,1,0.833258
0.84,0.6,1,0.833192
0.85,1,1,0.832792
0.85,0.62,1,0.833225
0.85,0.82,1,0.833217
0.84,0.62,1,0.832458
0.84,0.64,1,0.832758
0.84,0.7,1,0.833125
0.84,0.8,1,0.83325
0.84,0.68,1,0.833292
0.85,0.64,1,0.8331
0.84,0.94,1,0.832975
0.84,0.96,1,0.833258
0.84,0.98,1,0.833242
0.84,0.92,1,0.833083
0.82,0.82,1,0.833275
0.84,0.88,1,0.833208
0.82,0.8,1,0.833
0.84,0.86,1,0.832942
0.84,0.9,1,0.833092
0.85,0.78,1,0.833008
0.82,0.9,1,0.833258
0.84,0.82,1,0.833242
0.85,0.86,1,0.833125
0.84,0.76,1,0.833258
0.85,0.84,1,0.833158
0.85,0.7,1,0.833108
0.85,0.72,1,0.833283
0.85,0.74,1,0.832992
0.85,0.76,1,0.833108
0.85,0.8,1,0.833183
0.85,0.9,1,0.833058
0.85,0.88,1,0.8331
0.85,0.94,1,0.833217
0.84,1,1,0.833175
0.85,0.92,1,0.833025
0.85,0.96,1,0.833192
0.84,0.78,1,0.832858
0.85,0.68,1,0.832792
0.85,0.66,1,0.833125
0.85,0.82,1,0.833083
0.85,0.98,1,0.833217
0.83,0.92,1,0.833192
0.85,1,1,0.833275
0.85,0.6,1,0.8333
0.85,0.62,1,0.833267
0.84,0.8,1,0.833158
0.85,0.64,1,0.833275
0.85,0.78,1,0.833283
0.85,0.84,1,0.833267
0.85,0.86,1,0.833167
0.85,0.7,1,0.833325
0.85,0.74,1,0.833133
0.85,0.72,1,0.832967
0.83,0.94,1,0.83305
0.75,0.62,0,0.731183
0.85,0.76,1,0.833275
0.85,0.8,1,0.833283
0.85,0.94,1,0.833242
0.85,0.92,1,0.833283
0.85,0.96,1,0.833217
0.85,0.98,1,0.833183
0.85,1,1,0.833217
0.75,0.6,0,0.730458
