time_step,generation_time,drive_frequency
1,2.0211,0.0355539
2,1.96103,0.0261698
3,2.04496,0.0171147
4,2.04497,0.00801217
5,1.99538,0.0108284
6,2.00766,0.0133543
7,2.03121,0.0154463
8,1.99486,0.0176283
9,2.0183,0.0189553
10,2.00719,0.0218078
11,1.99489,0.0258091
12,2.00112,0.0277694
13,2.01902,0.0327322
14,1.98684,0.0376829
15,2.01039,0.041135
16,1.98492,0.045924
17,2.02369,0.0498826
18,2.05296,0.0535178
19,2.01394,0.057336
20,1.98995,0.063231
21,2.02527,0.0658469
22,2.04738,0.0755862
23,2.02176,0.0874151
24,2.00745,0.0946526
25,2.02759,0.103242
26,2.0615,0.116233
27,2.02438,0.124062
28,2.00333,0.137634
29,2.02167,0.152117
30,2.03253,0.166062
31,2.03185,0.175647
32,2.01047,0.19267
33,1.96572,0.200654
34,2.0057,0.212687
35,2.0597,0.228721
36,2.01226,0.236431
37,2.00952,0.255138
38,2.03612,0.277211
39,2.05273,0.296143
40,2.04371,0.315095
41,2.07175,0.334849
42,2.04102,0.348769
43,2.05843,0.369127
44,2.08645,0.386052
45,2.07134,0.407991
46,2.06879,0.431905
47,2.11436,0.448019
48,2.11367,0.471417
49,2.13202,0.495007
50,2.15075,0.506545
51,2.10067,0.521825
52,2.05991,0.54178
53,2.10247,0.561619
54,2.12885,0.580999
55,2.07438,0.596748
56,2.13674,0.613758
57,2.10618,0.6241
58,2.16093,0.643988
59,2.19781,0.657269
60,2.21314,0.657458
61,2.17612,0.667549
62,2.21841,0.663593
63,2.22523,0.670486
64,2.23913,0.671123
65,2.14143,0.662932
66,2.16554,0.651419
67,2.13211,0.642075
68,2.06926,0.630935
69,1.95299,0.626414
70,1.91282,0.634775
71,2.10904,0.627
72,2.00587,0.612608
73,1.96552,0.597063
74,2.1828,0.571229
75,1.99603,0.577099
76,2.09607,0.573438
77,2.09843,0.561489
78,2.09187,0.587963
79,2.00722,0.580645
80,1.89032,0.531421
81,1.79765,0.483892
82,2.026,0.449219
83,1.77273,0.427492
84,1.79341,0.4122
85,1.79368,0.40834
86,2.06139,0.438857
87,1.97398,0.471525
88,2.03314,0.507099
89,1.97364,0.554221
90,2.07029,0.572536
91,2.19874,0.596541
92,2.09028,0.613562
93,2.10926,0.631579
94,2.11422,0.644231
95,2.18265,0.63861
96,2.02344,0.600377
97,2.04658,0.554192
98,1.82921,0.49561
99,1.69826,0.412054
100,1.72643,0.305472
101,1.76019,0.25015
102,1.71893,0.216329
103,1.66862,0.19724
104,1.78592,0.19774
105,1.81563,0.195644
106,1.8934,0.1956
107,1.85482,0.209732
108,1.85965,0.212909
109,1.89325,0.224674
110,1.9192,0.236385
111,1.85893,0.250219
112,1.85816,0.268166
113,1.91667,0.285794
114,1.96227,0.28916
115,1.99329,0.303605
116,1.98638,0.320822
117,1.9196,0.342536
118,1.9346,0.360742
119,1.95376,0.377615
120,2.01379,0.395529
121,1.98102,0.406445
122,2.02761,0.415847
123,2.03859,0.421691
124,2.03221,0.425182
125,1.96265,0.42855
126,2,0.425735
127,2.00592,0.443209
128,2.02313,0.455327
129,1.99471,0.462239
130,2.04172,0.470357
131,2.04382,0.486519
132,2.04913,0.496828
133,2.13041,0.506483
134,2.17478,0.522385
135,2.06556,0.529678
136,2.04378,0.536851
137,2.17197,0.548663
138,2.0564,0.551555
139,2.09657,0.556359
140,2.15637,0.55919
141,2.11276,0.561425
142,2.13271,0.554334
143,2.03461,0.547137
144,2.01686,0.539418
145,2.0449,0.53043
146,1.9947,0.521801
147,1.91103,0.502559
148,1.95974,0.481404
149,1.85647,0.46905
150,1.89334,0.451603
151,1.92867,0.45378
152,1.92194,0.451595
153,1.96482,0.444933
154,1.994,0.444535
155,1.95792,0.447187
156,1.93548,0.447298
157,1.96305,0.460885
158,1.94664,0.464823
159,1.96371,0.468966
160,2.02686,0.474037
161,2.01554,0.472335
162,2.01469,0.479185
163,2.03964,0.487078
164,1.98815,0.497702
165,2.10432,0.505068
166,2.04452,0.51135
167,2.07476,0.511199
168,1.97895,0.512042
169,1.99422,0.513537
170,2.06892,0.527835
171,2.08834,0.52689
172,2.11562,0.531819
173,2.20969,0.544797
174,2.08923,0.557692
175,2.07488,0.575166
176,2.16983,0.582179
177,2.20064,0.584779
178,2.10804,0.576468
179,2.0517,0.579118
180,2.04588,0.586426
181,2.20179,0.587816
182,2.14809,0.5809
183,2.11613,0.567742
184,2.19348,0.560946
185,1.92241,0.544688
186,2.02506,0.537183
187,2.03286,0.52333
188,2.04819,0.52381
189,1.94521,0.501984
190,1.99261,0.487928
191,2,0.444391
192,1.78431,0.425
193,1.74472,0.379063
194,1.79618,0.347894
195,1.74438,0.340274
196,1.79654,0.320444
197,1.78477,0.309539
198,1.78311,0.319346
199,1.76343,0.315061
200,1.85449,0.317179
201,1.82552,0.323989
202,1.86159,0.328975
203,1.902,0.332295
204,1.90128,0.331625
205,1.94933,0.33345
206,1.95034,0.343139
207,1.98512,0.351702
208,2.0013,0.36548
209,2.02011,0.383526
210,2.01455,0.39615
211,2.00705,0.40929
212,1.97878,0.420419
213,2.01722,0.436095
214,1.998,0.454071
215,2.06202,0.46562
216,2.13707,0.474253
217,2.09584,0.495235
218,2.06048,0.505735
219,2.03556,0.522991
220,2.1091,0.536833
221,2.07962,0.551865
222,2.11661,0.566502
223,2.10008,0.583892
224,2.18468,0.585697
225,2.07175,0.58462
226,2.07822,0.582936
227,2.07559,0.593393
228,2.11047,0.603532
229,2.14869,0.614694
230,2.17429,0.624965
231,2.11522,0.639783
232,2.02057,0.648532
233,2.04858,0.639992
234,2.21314,0.636692
235,2.10886,0.641287
236,2.16234,0.621776
237,2.17789,0.631006
238,2.05066,0.653979
239,2.13221,0.669304
240,2.11461,0.672004
241,2.22849,0.683839
242,2.01099,0.668823
243,2.14599,0.662311
244,2.14113,0.651095
245,1.88696,0.601911
246,1.87356,0.554098
247,1.91718,0.489884
248,1.81121,0.45655
249,1.84352,0.450857
250,1.81532,0.457372
251,1.84454,0.471586
252,1.93909,0.485771
253,1.82616,0.487582
254,1.99003,0.507915
255,2.04268,0.50981
256,2.08521,0.494802
257,1.89685,0.50773
258,1.94505,0.497662
259,1.87368,0.507513
260,1.88633,0.518937
261,2.03203,0.527144
262,2.06683,0.543319
263,1.99282,0.557432
264,2.00261,0.575962
265,2.06911,0.598966
266,2.16031,0.607143
267,2.0446,0.602035
268,2.19767,0.59538
269,2.16016,0.597826
270,2.05907,0.595702
271,1.98712,0.588407
272,1.84314,0.58569
273,1.95588,0.558543
274,2.13131,0.533195
275,2.05221,0.525306
276,1.90309,0.527071
277,1.98289,0.524749
278,2.05244,0.533333
279,2.09728,0.519104
280,1.98897,0.520045
281,1.97112,0.52214
282,2.0117,0.514977
283,1.85968,0.514096
284,1.94393,0.509245
285,1.99042,0.52609
286,1.98878,0.508982
287,1.99292,0.498767
288,1.87995,0.504447
289,1.85399,0.490961
290,2.01148,0.487799
291,1.98694,0.477473
292,1.9226,0.479816
293,1.92783,0.472724
294,1.92179,0.469588
295,1.96465,0.455133
296,1.92179,0.460989
297,1.91308,0.462208
298,1.9302,0.457971
299,1.94407,0.472819
300,1.95027,0.484398
301,1.96014,0.492507
302,1.94043,0.494313
303,2.01124,0.497814
304,2.01423,0.500386
305,1.94599,0.503783
306,1.94832,0.504113
307,1.93275,0.484371
308,1.89896,0.454655
309,1.89469,0.424863
310,1.90305,0.402641
311,1.87765,0.39275
312,1.95126,0.387567
313,1.93694,0.382231
314,1.89903,0.368868
315,1.88627,0.364867
316,1.96666,0.364381
317,1.97824,0.363114
318,2.01827,0.367799
319,1.96042,0.365415
320,1.93522,0.365278
321,1.93235,0.374483
322,1.96855,0.380383
323,1.99153,0.392127
324,1.96845,0.401212
325,2.03793,0.41663
326,1.99479,0.428676
327,2.02569,0.444043
328,2.00843,0.469561
329,2.09031,0.485002
330,2.08949,0.49834
331,2.07706,0.516215
332,2.03799,0.522392
333,2.13559,0.533884
334,2.01188,0.546114
335,2.1005,0.566104
336,2.04124,0.584861
337,2.09619,0.60238
338,2.1057,0.61998
339,2.16033,0.629455
340,2.12987,0.628027
341,2.1185,0.626584
342,2.22822,0.614119
343,2.07404,0.61954
344,2.2004,0.62596
345,1.96472,0.628081
346,2.10864,0.626018
347,2.19679,0.633381
348,2.21766,0.623007
349,2.18459,0.614407
350,2.09306,0.608426
351,2.18382,0.591214
352,1.95818,0.565217
353,1.99273,0.528894
354,1.96625,0.481928
355,1.95659,0.460526
356,1.99298,0.434284
357,1.88408,0.421854
358,2.07508,0.415199
359,1.91358,0.419198
360,1.9493,0.433968
361,1.97135,0.443354
362,2.03761,0.430207
363,2.01504,0.430809
364,1.95842,0.42791
365,1.84809,0.430284
366,1.8796,0.435253
367,1.91182,0.421498
368,1.93766,0.402443
369,1.90189,0.39302
370,1.87707,0.383873
371,1.93424,0.370196
372,1.88375,0.350551
373,1.90497,0.336025
374,1.93966,0.324913
375,1.92279,0.328154
376,1.94354,0.330916
377,1.93011,0.336576
378,1.97751,0.345338
379,1.98228,0.359548
380,1.89806,0.370557
381,1.9241,0.377587
382,2.04944,0.383034
383,2.02532,0.384057
384,1.95761,0.383319
385,1.96924,0.389372
386,1.95101,0.396298
387,2.02421,0.404968
388,1.98431,0.421176
389,2.02197,0.427591
390,2.04425,0.438092
391,2.05094,0.44455
392,2.01744,0.446501
393,1.98147,0.447335
394,2.03007,0.452827
395,2.03771,0.446709
396,2.00293,0.444664
397,1.98957,0.455607
398,2.03453,0.467182
399,2.01051,0.48756
400,2.05709,0.505588
401,2.07934,0.517677
402,2.10884,0.528001
403,2.07499,0.539406
404,2.06034,0.561753
405,2.16425,0.568024
406,2.18798,0.573039
407,2.0816,0.572419
408,2.05636,0.573026
409,2.05505,0.576338
410,2.07287,0.585479
411,2.05279,0.591894
412,2.13589,0.586634
413,2.10212,0.571406
414,2.06289,0.568954
415,2.02019,0.548365
416,1.97774,0.533469
417,1.97883,0.523461
418,1.93539,0.517045
419,1.94252,0.510715
420,1.99276,0.496704
421,1.9179,0.51012
422,1.9776,0.505517
423,1.99668,0.505666
424,1.92075,0.513495
425,1.96662,0.511655
426,1.99051,0.515983
427,2.04014,0.512266
428,1.94436,0.494558
429,1.98635,0.478863
430,2,0.467288
431,1.95754,0.467312
432,1.98082,0.464822
433,2.07651,0.463885
434,2.05941,0.466832
435,1.97091,0.463483
436,2.06039,0.458333
437,2.00157,0.46299
438,2.02944,0.472778
439,2.05841,0.489098
440,2.04278,0.503386
441,2.03371,0.516846
442,2.04293,0.539812
443,2.06457,0.545909
444,1.95861,0.550697
445,2.09572,0.559188
446,2.167,0.560228
447,2.03684,0.566852
448,2.14331,0.580703
449,2.12059,0.590635
450,2.12709,0.595173
451,2.11276,0.595792
452,2.06512,0.589543
453,2.1205,0.586466
454,2.08079,0.590318
455,2.13748,0.589476
456,2.0678,0.577974
457,2.12602,0.572792
458,1.96236,0.545734
459,2.09238,0.526933
460,1.90588,0.503911
461,1.91198,0.477941
462,2.00472,0.457073
463,1.77983,0.44084
464,1.81468,0.443008
465,1.82965,0.425484
466,1.81457,0.398151
467,1.73876,0.389265
468,1.85764,0.389786
469,1.88287,0.404988
470,1.96875,0.418528
471,1.94404,0.41078
472,2.02018,0.414201
473,1.88538,0.415062
474,1.87512,0.426199
475,1.943,0.422626
476,1.9444,0.421515
477,1.94188,0.423681
478,1.95245,0.438795
479,1.98265,0.454082
480,2.0065,0.463946
481,1.98246,0.47725
482,2.06142,0.483803
483,1.97747,0.49329
484,2.04914,0.501015
485,2.05016,0.508311
486,2.01923,0.509078
487,2.07497,0.51397
488,2.0564,0.523975
489,2.05537,0.540867
490,2.0865,0.552744
491,2.08256,0.564783
492,2.06673,0.569066
493,2.0662,0.575204
494,2.1047,0.583438
495,2.08984,0.59032
496,2.06907,0.590974
497,2.05662,0.592447
498,2.15451,0.593923
499,2.02554,0.598651
500,2.01275,0.594084
501,2.07414,0.578964
502,2.04983,0.57792
503,2.15428,0.574449
504,2.12991,0.573612
505,2.18114,0.579944
506,1.96811,0.575434
507,2.11111,0.566294
508,2.02375,0.563665
509,2.05769,0.571086
510,2.01549,0.563847
511,1.99849,0.577384
512,2.11935,0.579042
513,2.15211,0.578449
514,1.92188,0.572596
515,1.92445,0.542391
516,2.06344,0.50494
517,1.98774,0.466596
518,2.02128,0.442513
519,1.92521,0.435232
520,1.80994,0.433999
521,1.83961,0.44635
522,1.92161,0.458143
523,2.01508,0.473889
524,1.98486,0.481542
525,2.01085,0.481185
526,1.97814,0.470061
527,1.95297,0.476782
528,2.00262,0.48405
529,2.10252,0.492403
530,2.10292,0.518307
531,2.05571,0.533644
532,2.03067,0.554371
533,2.16864,0.564689
534,2.13333,0.576278
535,2.14022,0.585085
536,2.05499,0.585587
537,1.98878,0.570231
538,2.10349,0.561762
539,2.06056,0.543292
540,2.04993,0.542948
541,2.00378,0.559331
542,2.07712,0.568587
543,1.98997,0.576149
544,2.03546,0.592382
545,2.12353,0.603907
546,2.03549,0.613056
547,2.03624,0.610905
548,2.10517,0.612285
549,2.16635,0.614085
550,2.01663,0.598746
551,2.12249,0.602016
552,1.9619,0.598985
553,2.04721,0.592308
554,2.10966,0.579907
555,2.00806,0.55
556,1.94023,0.53119
557,1.8412,0.508903
558,1.99208,0.506014
559,1.9329,0.483206
560,1.72222,0.448175
561,1.89593,0.427744
562,1.92635,0.419808
563,1.87293,0.428906
564,1.88116,0.450935
565,2.0041,0.467489
566,2,0.469183
567,1.99094,0.486616
568,1.94766,0.487692
569,2.00745,0.494737
570,2.0203,0.507085
571,2.0235,0.503407
572,2.03893,0.520131
573,2.04505,0.517226
574,1.93915,0.520917
575,2.03556,0.525851
576,1.98749,0.510584
577,1.94333,0.498495
578,2.00429,0.463737
579,1.88848,0.461493
580,1.90647,0.444592
581,2.00771,0.435119
582,1.91856,0.425802
583,1.88751,0.412186
584,1.93098,0.40829
585,1.97132,0.397908
586,1.90846,0.382535
587,1.9068,0.368945
588,1.88132,0.360945
589,1.9498,0.370504
590,1.97326,0.379287
591,1.86954,0.393563
592,1.93206,0.394276
593,2.00096,0.396606
594,1.89556,0.402534
595,1.88228,0.417449
596,2.03473,0.428398
597,2.03275,0.437829
598,1.95279,0.448894
599,1.98284,0.450213
600,2.0243,0.449622
601,2.0203,0.455656
602,1.90599,0.466049
603,2.05609,0.485926
604,2.08803,0.4896
605,1.98473,0.496406
606,2.01926,0.509337
607,2.03623,0.513738
608,2.07823,0.518613
609,2.02547,0.515916
610,2.03506,0.512062
611,2.03045,0.513444
612,2.01659,0.517411
613,1.95009,0.525743
614,2.01445,0.526916
615,2.05162,0.536779
616,2.13645,0.55407
617,2.04414,0.559961
618,2.03191,0.563479
619,2.04973,0.566913
620,2.01032,0.564004
621,2.0694,0.560824
622,1.96595,0.565286
623,2.04336,0.559555
624,2.00995,0.56594
625,1.9987,0.559844
626,2.05907,0.55852
627,2.00359,0.55027
628,1.98561,0.555911
629,2.03997,0.561642
630,2.04434,0.567004
631,2.13877,0.566582
632,2.08063,0.565146
633,2.0738,0.585855
634,2.04581,0.588037
635,2.11905,0.590072
636,2.0785,0.58628
637,2.06901,0.591818
638,2.23899,0.594453
639,2.09366,0.599619
640,2.31678,0.607909
641,2.14161,0.626399
642,2.06876,0.637234
643,2.10129,0.642634
644,2.31193,0.64827
645,2.23362,0.657372
646,2.19808,0.63961
647,2.1746,0.610259
648,2.05263,0.577778
649,1.91925,0.523933
650,1.84239,0.496424
651,1.77857,0.449506
652,1.82096,0.443081
653,1.83054,0.446397
654,1.86154,0.447346
655,2.03729,0.449649
656,1.93356,0.49117
657,2.10054,0.518909
658,2.04251,0.533654
659,2.06406,0.554699
660,1.94291,0.554221
661,1.95149,0.562454
662,2.1,0.567779
663,2.05763,0.573061
664,1.97917,0.579599
665,1.91473,0.584751
666,2.04673,0.560203
667,1.96061,0.523824
668,1.99301,0.487263
669,1.88298,0.446318
670,1.86683,0.424804
671,1.77968,0.398345
672,1.7721,0.377088
673,1.94199,0.367864
674,2.03853,0.376101
675,2.04376,0.383015
676,1.92784,0.395478
677,1.961,0.405514
678,1.96291,0.420555
679,2.04676,0.426482
680,1.95974,0.43282
681,2.01584,0.440534
682,1.98496,0.43753
683,1.97503,0.431737
684,1.94765,0.440014
685,1.96509,0.449368
686,2.03871,0.450043
687,1.95754,0.461262
688,1.93448,0.461337
689,1.95757,0.461858
690,1.97978,0.465116
691,1.92635,0.464214
692,1.9327,0.474006
693,1.99833,0.475844
694,1.95383,0.475437
695,1.98358,0.472883
696,1.95187,0.473231
697,1.96223,0.47717
698,1.98994,0.487088
699,1.98211,0.497314
700,1.96024,0.499331
701,2.08836,0.507076
702,2.06232,0.520614
703,2.02632,0.535231
704,2.13106,0.54622
705,2.16299,0.563868
706,2.09888,0.580236
707,2.15964,0.585634
708,2.13599,0.59537
709,2.069,0.604162
710,2.03187,0.613998
711,2.09642,0.623181
712,2.16073,0.62607
713,2.13657,0.633649
714,2.211,0.631221
715,2.11323,0.63296
716,2.13744,0.638472
717,2.08564,0.639734
718,2.0463,0.634445
719,2.23994,0.639727
720,2.22182,0.619859
721,2.11417,0.611935
722,2.13699,0.577753
723,2.16567,0.551698
724,1.86187,0.486698
725,1.97278,0.429669
726,1.79938,0.376923
727,1.76214,0.324694
728,1.76892,0.289436
729,1.80769,0.26334
730,1.77551,0.246339
731,1.76773,0.215245
732,1.77008,0.208248
733,1.82613,0.196842
734,1.80904,0.1842
735,1.81669,0.17846
736,1.87248,0.175535
737,1.91201,0.175191
738,1.90816,0.179553
739,1.92426,0.18776
740,1.92552,0.200963
741,1.9548,0.213267
742,1.91099,0.224817
743,1.91753,0.233287
744,1.96777,0.244343
745,1.93216,0.255032
746,1.92851,0.268288
747,1.94412,0.285632
748,1.99101,0.299285
749,1.98776,0.315069
750,1.97866,0.323525
